Key,Customer Name
7000,Aaron Hawkins
7001,Aimee Bixby
7002,Alan Schoenberger
7003,Alejandro Ballentine
7004,Andy Reiter
7005,Ann Blume
7006,Anne McFarland
7007,Anthony Jacobs
7008,Arthur Prichep
7009,Barry Franz
7010,Barry Weirich
7011,Ben Peterman
7012,Benjamin Patterson
7013,Berenike Kampe
7014,Bill Shonely
7015,Bobby Elias
7016,Cari Sayre
7017,Christopher Martinez
7018,Chuck Sachs
7019,Craig Reiter
7020,Dan Lawera
7021,Darrin Martin
7022,Dave Kipp
7023,Dave Poirier
7024,Deirdre Greer
7025,Denny Blanton
7026,Dianna Wilson
7027,Ellis Ballard
7028,Eugene Barchas
7029,Evan Minnotte
7030,Fred Hopkins
7031,Grant Thornton
7032,Greg Maxwell
7033,Greg Tran
7034,Guy Phonely
7035,Harold Ryan
7036,Harry Greene
7037,Jane Waco
7038,Janet Martin
7039,Jason Klamczynski
7040,Jim Mitchum
7041,Jim Sink
7042,Joel Eaton
7043,John Huston
7044,Jonathan Doherty
7045,Joseph Holt
7046,Joy Bell-
7047,Justin Ritter
7048,Karen Ferguson
7049,Katherine Murray
7050,Keith Dawkins
7051,Kimberly Carter
7052,Laura Armstrong
7053,Laurel Beltran
7054,Lena Creighton
7055,Lindsay Williams
7056,Magdelene Morse
7057,Michael Stewart
7058,Mick Brown
7059,Mitch Webber
7060,Naresj Patel
7061,Nick Zandusky
7062,Nora Preis
7063,Patrick Jones
7064,Patrick O'Brill
7065,Patrick O'Donnell
7066,Peter Fuller
7067,Phillip Breyer
7068,Rachel Payne
7069,Raymond Messe
7070,Rick Hansen
7071,Rick Reed
7072,Ritsa Hightower
7073,Sam Zeldin
7074,Sanjit Chand
7075,Scott Williamson
7076,Sheri Gordon
7077,Shui Tom
7078,Stuart Van
7079,Sue Ann Reed
7080,Thomas Boland
7081,Toby Swindell
7082,Tom Prescott
7083,Trudy Glocke
7084,Valerie Dominguez
7085,Vicky Freymann
7086,Vivek Grady
7087,Zuschuss Carroll
