Key,Product Name
17000,"Apple Audio Dock, with Caller ID"
17001,"Apple Smart Phone, Cordless"
17002,"Apple Smart Phone, Full Size"
17003,Apple iPhone 5
17004,Apple iPhone 5S
17005,Ativa V4110MDD Micro-Cut Shredder
17006,"Bevis Conference Table, Fully Assembled"
17007,"Bevis Conference Table, with Bottom Storage"
17008,Bretford Rectangular Conference Table Tops
17009,"Breville Refrigerator, Red"
17010,"Breville Refrigerator, White"
17011,"Breville Stove, Red"
17012,"Brother Fax Machine, High-Speed"
17013,"Brother Fax Machine, Laser"
17014,"Brother Ink, Color"
17015,"Brother Wireless Fax, Laser"
17016,"Canon Copy Machine, Color"
17017,Canon PC940 Copier
17018,"Canon Wireless Fax, Laser"
17019,Chromcraft Bull-Nose Wood Oval Conference Tables & Bases
17020,"Chromcraft Conference Table, Fully Assembled"
17021,"Chromcraft Conference Table, with Bottom Storage"
17022,"Chromcraft Round Table, Rectangular"
17023,"Chromcraft Wood Table, Rectangular"
17024,"Cisco Smart Phone, with Caller ID"
17025,Cubify CubeX 3D Printer Triple Head Print
17026,"Cuisinart Stove, Silver"
17027,Fellowes PB500 Electric Punch Plastic Comb Binding Machine with Manual Bind
17028,GBC DocuBind P400 Electric Binding System
17029,Global Adaptabilities Conference Tables
17030,HON 5400 Series Task Chairs for Big and Tall
17031,"Hamilton Beach Microwave, Black"
17032,"Hamilton Beach Refrigerator, Black"
17033,"Hamilton Beach Stove, White"
17034,"Harbour Creations Executive Leather Armchair, Adjustable"
17035,"Harbour Creations Executive Leather Armchair, Black"
17036,Hewlett Packard LaserJet 3310 Copier
17037,"Hewlett Wireless Fax, Color"
17038,"Hon Computer Table, Fully Assembled"
17039,"Hon Computer Table, with Bottom Storage"
17040,"Hon Executive Leather Armchair, Adjustable"
17041,Honeywell Enviracaire Portable HEPA Air Cleaner for 17' x 22' Room
17042,"Hoover Stove, Red"
17043,"Hoover Stove, White"
17044,Ibico EPK-21 Electric Binding System
17045,"Ikea Classic Bookcase, Mobile"
17046,"KitchenAid Microwave, White"
17047,"KitchenAid Refrigerator, Black"
17048,"KitchenAid Stove, White"
17049,"Konica Inkjet, White"
17050,"Lesro Conference Table, with Bottom Storage"
17051,Logitech diNovo Edge Keyboard
17052,Martin Yale Chadless Opener Electric Letter Opener
17053,"Motorola Smart Phone, Cordless"
17054,"Motorola Smart Phone, Full Size"
17055,"Motorola Smart Phone, with Caller ID"
17056,"Nokia Smart Phone, Full Size"
17057,"Nokia Smart Phone, with Caller ID"
17058,"Novimex Executive Leather Armchair, Adjustable"
17059,"Novimex Executive Leather Armchair, Black"
17060,"Novimex Executive Leather Armchair, Red"
17061,"Office Star Executive Leather Armchair, Adjustable"
17062,"Office Star Executive Leather Armchair, Red"
17063,"Okidata Inkjet, Wireless"
17064,Plantronics CS510 - Over-the-Head monaural Wireless Headset System
17065,"SAFCO Executive Leather Armchair, Black"
17066,"Safco Classic Bookcase, Metal"
17067,"Safco Classic Bookcase, Pine"
17068,Samsung Galaxy Mega 6.3
17069,"Samsung Smart Phone, Cordless"
17070,"Samsung Smart Phone, VoIP"
17071,"Samsung Smart Phone, with Caller ID"
17072,"Sauder Classic Bookcase, Traditional"
17073,"Sharp Wireless Fax, Digital"
17074,"Sharp Wireless Fax, High-Speed"
17075,Zebra ZM400 Thermal Label Printer
