Key,City
9000,Aachen
9001,Aalen
9002,Aalst
9003,Aba
9004,Abadan
9005,Abakaliki
9006,Abbeville
9007,Abbotsford
9008,Abeokuta
9009,Aberdeen
9010,Abha
9011,Abidjan
9012,Abilene
9013,Abreu e Lima
9014,Abu Kabir
9015,Abuja
9016,Acarigua
9017,Acayucan
9018,Accra
9019,Acerra
9020,Acireale
9021,Acuña
9022,Acámbaro
9023,Ad Diwaniyah
9024,Ad Diwem
9025,Adana
9026,Adelaide
9027,Adiyaman
9028,Aewŏl-li
9029,Afragola
9030,Afyon
9031,Agadir
9032,Agde
9033,Agen
9034,Agra
9035,Agrigento
9036,Ahvaz
9037,Ain Oussera
9038,Aix-en-Provence
9039,Aix-les-Bains
9040,Ajaccio
9041,Ajman
9042,Ajmer
9043,Akhisar
9044,Akhmim
9045,Akola
9046,Akron
9047,Aksaray
9048,Aksu
9049,Akure
9050,Al Amarah
9051,Al Fayyum
9052,Al Hillah
9053,Al Hudaydah
9054,Al Hufuf
9055,Al Khums
9056,Al Mahallah al Kubra
9057,Al Manaqil
9058,Al Minya
9059,Al Mubarraz
9060,Al Muharraq
9061,Alanya
9062,Albacete
9063,Albany
9064,Albertville
9065,Albi
9066,Albuquerque
9067,Albury
9068,Alcobendas
9069,Alessandria
9070,Alexandria
9071,Alfortville
9072,Algiers
9073,Alicante
9074,Alice Springs
9075,Aligarh
9076,Aligudarz
9077,Alkmaar
9078,Allahabad
9079,Allauch
9080,Allen
9081,Allentown
9082,Almaty
9083,Almelo
9084,Alphen aan den Rijn
9085,Altamira
9086,Altamura
9087,Altoona
9088,Altotonga
9089,Amadora
9090,Amagasaki
9091,Amarillo
9092,Amasya
9093,Amatitlán
9094,Ambattur
9095,Ambon
9096,Americana
9097,Amersfoort
9098,Amiens
9099,Amman
9100,Amol
9101,Amravati
9102,Amritsar
9103,Amstelveen
9104,Amsterdam
9105,An Nasiriyah
9106,Anaheim
9107,Ananindeua
9108,Anantapur
9109,Ancona
9110,Andijon
9111,Andover
9112,Andradina
9113,Andria
9114,Angarsk
9115,Angeles City
9116,Angers
9117,Anglet
9118,Anjo
9119,Ankara
9120,Ann Arbor
9121,Annaba
9122,Annecy
9123,Annecy-le-Vieux
9124,Annemasse
9125,Annonay
9126,Anqing
9127,Anshan
9128,Anshun
9129,Antakya
9130,Antalya
9131,Antananarivo
9132,Antibes
9133,Antiguo Cuscatlán
9134,Antioch
9135,Antipolo
9136,Antofagasta
9137,Antony
9138,Antsiranana
9139,Antwerp
9140,Anyang
9141,Anzio
9142,Anápolis
9143,Aoba-ku
9144,Apartadó
9145,Apatzingán de la Constitución
9146,Apeldoorn
9147,Apodaca
9148,Apopa
9149,Apopka
9150,Apple Valley
9151,Appleton
9152,Aprilia
9153,Apucarana
9154,Ar Raqqah
9155,Aracaju
9156,Aracati
9157,Arad
9158,Araguaína
9159,Arak
9160,Arapiraca
9161,Arapongas
9162,Araranguá
9163,Araraquara
9164,Arauca
9165,Araucária
9166,Araçatuba
9167,Arbil
9168,Arcoverde
9169,Ardabil
9170,Ardahan
9171,Arequipa
9172,Arezzo
9173,Argentan
9174,Argenteuil
9175,Arica
9176,Ariquemes
9177,Arkhangelsk
9178,Arles
9179,Arlington
9180,Arlington Heights
9181,Armenia
9182,Armidale
9183,Arnhem
9184,Arnsberg
9185,Arraiján
9186,Arras
9187,Arrentela
9188,Artemisa
9189,Arusha
9190,Arvada
9191,Arzgir
9192,Asahikawa
9193,Asansol
9194,Aschaffenburg
9195,Ashdod
9196,Asheville
9197,Ashford
9198,Ashgabat
9199,Ashqelon
9200,Assen
9201,Astana
9202,Asti
9203,Astrakhan'
9204,Asunción
9205,Aswan
9206,Asyut
9207,Atakpame
9208,Athens
9209,Athis-Mons
9210,Atlanta
9211,Atlantic City
9212,Atlixco
9213,Atsugacho
9214,Aubervilliers
9215,Auburn
9216,Auch
9217,Auckland
9218,Augsburg
9219,Aulnay-sous-Bois
9220,Aurangabad
9221,Aurora
9222,Austin
9223,Auxerre
9224,Avadi
9225,Avellaneda
9226,Avellino
9227,Avignon
9228,Avion
9229,Avon
9230,Avondale
9231,Ayacucho
9232,Aydin
9233,Aylesbury
9234,Azcapotzalco
9235,Açu
9236,Babol
9237,Bacau
9238,Bacolod City
9239,Bacoor
9240,Bad Waldsee
9241,Badajoz
9242,Badalona
9243,Baden-Baden
9244,Bafoussam
9245,Bafra
9246,Bagamoyo
9247,Bagcilar
9248,Baghdad
9249,Bagneux
9250,Bagnolet
9251,Baguio City
9252,Bagé
9253,Bahawalpur
9254,Bahía Blanca
9255,Baia Mare
9256,Bajos de Haina
9257,Bakersfield
9258,Baku
9259,Balikesir
9260,Balikpapan
9261,Ballarat
9262,Balmazujvaros
9263,Balneário Camboriú
9264,Balti
9265,Baltimore
9266,Bamako
9267,Bamberg
9268,Bamenda
9269,Banda Aceh
9270,Bandar Abbas
9271,Bandar-e Anzali
9272,Bandirma
9273,Bandundu
9274,Bandung
9275,Bangalore
9276,Bangkok
9277,Bangor
9278,Bangui
9279,Banjarmasin
9280,Banska Bystrica
9281,Baní
9282,Baoding
9283,Baotou
9284,Baqubah
9285,Bar-le-Duc
9286,Barakaldo
9287,Baraki
9288,Baranagar
9289,Barasat
9290,Barbacena
9291,Barcelona
9292,Barddhaman
9293,Bareilly
9294,Bari
9295,Barika
9296,Barletta
9297,Barneveld
9298,Barnsley
9299,Barquisimeto
9300,Barra Mansa
9301,Barra do Piraí
9302,Barranca
9303,Barranquilla
9304,Barreiras
9305,Barreirinhas
9306,Barretos
9307,Barrie
9308,Barry
9309,Bartlett
9310,Barueri
9311,Baruta
9312,Basel
9313,Basildon
9314,Basingstoke
9315,Basra
9316,Bastia
9317,Bata
9318,Bath
9319,Batman
9320,Batna
9321,Battipaglia
9322,Bauchi
9323,Bayamo
9324,Bayeux
9325,Bayonne
9326,Bayreuth
9327,Baytown
9328,Be'er Sheva
9329,Beaumont
9330,Beaune
9331,Beauvais
9332,Bebington
9333,Bechar
9334,Bedford
9335,Behbahan
9336,Behshahr
9337,Beijing
9338,Beipiao
9339,Beira
9340,Beirut
9341,Bejaia
9342,Bekasi
9343,Belfort
9344,Belgaum
9345,Belgorod
9346,Bellary
9347,Belleville
9348,Bellevue
9349,Bellingham
9350,Bello
9351,Belo Horizonte
9352,Bendigo
9353,Bene Beraq
9354,Benevento
9355,Bengbu
9356,Benghazi
9357,Bengkulu
9358,Benguela
9359,Beni Mellal
9360,Beni Suef
9361,Benidorm
9362,Benin City
9363,Benoni
9364,Bento Gonçalves
9365,Benxi
9366,Berck
9367,Berdyans'k
9368,Berdychiv
9369,Bergamo
9370,Bergen
9371,Bergen op Zoom
9372,Bergerac
9373,Bergheim
9374,Bergisch Gladbach
9375,Berlin
9376,Berne
9377,Berrechid
9378,Bertoua
9379,Bethlehem
9380,Betim
9381,Beverly
9382,Beykoz
9383,Bezerros
9384,Bezons
9385,Bharatpur
9386,Bhatinda
9387,Bhatpara
9388,Bhavnagar
9389,Bhilai
9390,Bhilwara
9391,Bhiwandi
9392,Bhopal
9393,Bhubaneswar
9394,Bialystok
9395,Biarritz
9396,Bideford
9397,Bielefeld
9398,Bielsko-Biala
9399,Bihar Sharif
9400,Bijapur
9401,Bijie
9402,Bikaner
9403,Bilaspur
9404,Bilbao
9405,Bilbeis
9406,Billings
9407,Bingol
9408,Binjai
9409,Binzhou
9410,Birigui
9411,Birjand
9412,Birkenhead
9413,Birmingham
9414,Birobidzhan
9415,Bisceglie
9416,Bishkek
9417,Bissau
9418,Bistrita
9419,Bitola
9420,Bitonto
9421,Blackburn
9422,Blackpool
9423,Blagoveshchensk
9424,Blanquefort
9425,Blenheim
9426,Bloemfontein
9427,Blois
9428,Bloomington
9429,Blumenau
9430,Bo
9431,Boa Esperança
9432,Boa Vista
9433,Bobigny
9434,Boca Raton
9435,Bochum
9436,Boghni
9437,Bognor Regis
9438,Bogor
9439,Bogotá
9440,Boise
9441,Bokaro
9442,Boksburg
9443,Bolingbrook
9444,Bologna
9445,Bolton
9446,Bolu
9447,Bolzano
9448,Bolívar
9449,Bom Jesus da Lapa
9450,Bonao
9451,Bondy
9452,Bonn
9453,Bonneuil-sur-Marne
9454,Borazjan
9455,Bordeaux
9456,Borken
9457,Bornova
9458,Borujerd
9459,Boscoreale
9460,Bossier City
9461,Botosani
9462,Botshabelo
9463,Bottrop
9464,Bouake
9465,Boulogne-Billancourt
9466,Boulogne-sur-Mer
9467,Bourg-en-Bresse
9468,Bourges
9469,Bourgoin-Jallieu
9470,Bournemouth
9471,Bowling Green
9472,Boynton Beach
9473,Bozeman
9474,Bracknell
9475,Bradford
9476,Braga
9477,Bragança Paulista
9478,Brahmapur
9479,Braila
9480,Brampton
9481,Brandenburg
9482,Brantford
9483,Brasov
9484,Brasília
9485,Bratsk
9486,Breda
9487,Bremen
9488,Bremerhaven
9489,Brentwood
9490,Brescia
9491,Bressuire
9492,Brest
9493,Bridgeton
9494,Bridgetown
9495,Brighton
9496,Brindisi
9497,Brisbane
9498,Bristol
9499,Briton Ferry
9500,Brive-la-Gaillarde
9501,Broken Arrow
9502,Broken Hill
9503,Bron
9504,Broomfield
9505,Brownsville
9506,Bruges
9507,Brumado
9508,Brussels
9509,Bry-sur-Marne
9510,Bryan
9511,Bryansk
9512,Buca
9513,Bucaramanga
9514,Bucheon
9515,Budapest
9516,Budënnovsk
9517,Buenos Aires
9518,Buffalo
9519,Buffalo Grove
9520,Bujumbura
9521,Bukavu
9522,Bulawayo
9523,Bullhead City
9524,Bunbury
9525,Bundaberg
9526,Bur Sudan
9527,Burbank
9528,Burgas
9529,Burgos
9530,Buriticupu
9531,Burlington
9532,Burnaby
9533,Burnie
9534,Burnley
9535,Bursa
9536,Bury
9537,Busan
9538,Busto Arsizio
9539,Butare
9540,Buyukcekmece
9541,Buzau
9542,Bytom
9543,Cabimas
9544,Cabo Frio
9545,Cabo de Santo Agostinho
9546,Cachan
9547,Cadereyta
9548,Caen
9549,Cagliari
9550,Cagnes-sur-Mer
9551,Cagua
9552,Cainta
9553,Cairns
9554,Cairo
9555,Cajamarca
9556,Cajazeiras
9557,Calabar
9558,Calabozo
9559,Calais
9560,Calama
9561,Calamba
9562,Caldwell
9563,Calgary
9564,Callao
9565,Caloocan
9566,Caloundra
9567,Caluire-et-Cuire
9568,Camagüey
9569,Camaragibe
9570,Camarillo
9571,Camaçari
9572,Cambrai
9573,Cambridge
9574,Cambé
9575,Camocim
9576,Campeche
9577,Campina Grande
9578,Campo Grande
9579,Campo Limpo Paulista
9580,Can Tho
9581,Canakkale
9582,Canberra
9583,Cancún
9584,Cangzhou
9585,Cankaya
9586,Cannes
9587,Canoas
9588,Canton
9589,Capannori
9590,Cape Coast
9591,Cape Town
9592,Capelle aan den IJssel
9593,Capua
9594,Caracas
9595,Caraguatatuba
9596,Carapicuíba
9597,Carcassonne
9598,Cardiff
9599,Carlisle
9600,Carlsbad
9601,Carol Stream
9602,Carora
9603,Carpentras
9604,Carpi
9605,Carquefou
9606,Carrara
9607,Carrefour
9608,Carrollton
9609,Cartagena
9610,Cartago
9611,Carvin
9612,Cary
9613,Casablanca
9614,Caserta
9615,Casoria
9616,Cassilândia
9617,Castanhal
9618,Castellammare di Stabia
9619,Castelldefels
9620,Castelnau-le-Lez
9621,Castres
9622,Castrop-Rauxel
9623,Catalão
9624,Catanduva
9625,Catania
9626,Catia La Mar
9627,Caucaia
9628,Cavaillon
9629,Caxias do Sul
9630,Caçador
9631,Cedar Hill
9632,Cedar Rapids
9633,Celaya
9634,Celle
9635,Centurion
9636,Cercola
9637,Cergy
9638,Cerignola
9639,Cesena
9640,Cessnock
9641,Cestas
9642,Ceuta
9643,Ceyhan
9644,Chaguanas
9645,Chalinze
9646,Chalus
9647,Champaign
9648,Champigny-sur-Marne
9649,Chandigarh
9650,Chandler
9651,Changchun
9652,Changde
9653,Changsha
9654,Changshu
9655,Changwon
9656,Changzhi
9657,Changzhou
9658,Chaohu
9659,Chaoyang
9660,Chaozhou
9661,Chapecó
9662,Chapel Allerton
9663,Chapel Hill
9664,Charallave
9665,Charleroi
9666,Charlotte
9667,Charlottesville
9668,Chartres
9669,Chatham
9670,Chatou
9671,Chattanooga
9672,Chaumont
9673,Chaville
9674,Chelles
9675,Chelmsford
9676,Cheltenham
9677,Chelyabinsk
9678,Chemnitz
9679,Chengdu
9680,Chengjiang
9681,Chennai
9682,Chenzhou
9683,Cheonan
9684,Cherbourg-Octeville
9685,Cherkasy
9686,Chernihiv
9687,Chesapeake
9688,Cheshunt
9689,Chester
9690,Chesterfield
9691,Chetumal
9692,Chevilly-Larue
9693,Cheyenne
9694,Chicago
9695,Chiclana de la Frontera
9696,Chiclayo
9697,Chico
9698,Chieti
9699,Chifeng
9700,Chigasaki
9701,Chihuahua
9702,Chililabombwe
9703,Chilly-Mazarin
9704,Chillán
9705,Chilpancingo
9706,Chimaltenango
9707,Chimbote
9708,Chimoio
9709,Chinandega
9710,Chinautla
9711,Chincha Alta
9712,Chingola
9713,Chioggia
9714,Chipata
9715,Chisinau
9716,Chittagong
9717,Chitungwiza
9718,Choisy-le-Roi
9719,Cholet
9720,Choloma
9721,Cholula
9722,Choluteca
9723,Chongqing
9724,Chorzow
9725,Christchurch
9726,Chula Vista
9727,Chuncheon
9728,Cidade Ocidental
9729,Ciego de Ávila
9730,Cienfuegos
9731,Cincinnati
9732,Cinisello Balsamo
9733,Cipolletti
9734,Cirebon
9735,Citrus Heights
9736,Ciudad del Carmen
9737,Civitavecchia
9738,Cizre
9739,Ciénaga
9740,Clacton-on-Sea
9741,Clamart
9742,Clarksville
9743,Clermont-Ferrand
9744,Cleveland
9745,Clichy
9746,Clichy-sous-Bois
9747,Clifton
9748,Clinton
9749,Clovis
9750,Cluj-Napoca
9751,Cluses
9752,Clydach
9753,Coacalco
9754,Coachella
9755,Coari
9756,Coatzacoalcos
9757,Cochabamba
9758,Coffs Harbour
9759,Cognac
9760,Coimbatore
9761,Coimbra
9762,Colchester
9763,Colima
9764,College Station
9765,Colmar
9766,Cologne
9767,Colombes
9768,Colombo
9769,Colomiers
9770,Colorado Springs
9771,Columbia
9772,Columbus
9773,Colón
9774,Commerce City
9775,Como
9776,Comodoro Rivadavia
9777,Concarneau
9778,Concepción del Uruguay
9779,Concord
9780,Conflans-Sainte-Honorine
9781,Conroe
9782,Conselheiro Lafaiete
9783,Consolación del Sur
9784,Constanta
9785,Constantine
9786,Contagem
9787,Contramaestre
9788,Conway
9789,Coon Rapids
9790,Copenhagen
9791,Copiapó
9792,Coppell
9793,Coquitlam
9794,Coral Gables
9795,Coral Springs
9796,Corbeil-Essonnes
9797,Cork
9798,Corlu
9799,Cormeilles-en-Parisis
9800,Corpus Christi
9801,Corrientes
9802,Corum
9803,Cosenza
9804,Coslada
9805,Cosmópolis
9806,Costa Mesa
9807,Cotia
9808,Cotonou
9809,Cottage Grove
9810,Cottbus
9811,Coudekerque-Branche
9812,Coulommiers
9813,Courbevoie
9814,Cournon-d'Auvergne
9815,Coventry
9816,Covington
9817,Cox’s Bāzār
9818,Coyoacán
9819,Craiova
9820,Cranston
9821,Crato
9822,Crawley
9823,Creil
9824,Cremona
9825,Crewe
9826,Criciúma
9827,Crotone
9828,Cruz das Almas
9829,Cruzeiro
9830,Cruzeiro do Sul
9831,Cuajimalpa
9832,Cuautitlán
9833,Cubatão
9834,Cubuk
9835,Cuenca
9836,Cuernavaca
9837,Cuiabá
9838,Culiacán
9839,Cumaná
9840,Cumbernauld
9841,Cuneo
9842,Curitiba
9843,Cuscatancingo
9844,Cuttack
9845,Cuxhaven
9846,Cuyahoga Falls
9847,Czestochowa
9848,Cárdenas
9849,Cártama
9850,Córdoba
9851,Cúa
9852,Cúcuta
9853,Da Nang
9854,Dabrowa Gornicza
9855,Daegu
9856,Daejeon
9857,Dakar
9858,Dalian
9859,Dallas
9860,Daloa
9861,Damanhur
9862,Damaturu
9863,Danbury
9864,Danville
9865,Daqing
9866,Dar Chioukh
9867,Dar es Salaam
9868,Darbhanga
9869,Darlington
9870,Darmstadt
9871,Dartford
9872,Dartmouth
9873,Darton
9874,Darwin
9875,Datong
9876,David
9877,Davis
9878,Dax
9879,Dayr az Zawr
9880,Daytona Beach
9881,Dearborn
9882,Dearborn Heights
9883,Decatur
9884,Deer Park
9885,Dehra Dun
9886,Delft
9887,Delgado
9888,Delhi
9889,Delicias
9890,Delmenhorst
9891,Delray Beach
9892,Deltona
9893,Den Helder
9894,Denain
9895,Denizli
9896,Denpasar
9897,Denver
9898,Depok
9899,Derbent
9900,Derby
9901,Des Moines
9902,Des Plaines
9903,Detmold
9904,Detroit
9905,Deuil-la-Barre
9906,Deva
9907,Deventer
9908,Devonport
9909,Dewas
9910,Dewsbury
9911,Deyang
9912,Dhaka
9913,Dhule
9914,Diadema
9915,Dieppe
9916,Digne-les-Bains
9917,Dijon
9918,Dinslaken
9919,Dire Dawa
9920,Disuq
9921,Divinópolis
9922,Diyarbakir
9923,Djibouti
9924,Djougou
9925,Dniprodzerzhyns'k
9926,Dnipropetrovs'k
9927,Doetinchem
9928,Doha
9929,Dole
9930,Domont
9931,Doncaster
9932,Donets'k
9933,Dongguan
9934,Donghai
9935,Dordrecht
9936,Dormagen
9937,Dorsten
9938,Dortmund
9939,Dos Hermanas
9940,Dos Quebradas
9941,Douai
9942,Douarnenez
9943,Dourados
9944,Dover
9945,Draguignan
9946,Drammen
9947,Drancy
9948,Draper
9949,Dresden
9950,Dreux
9951,Drobeta-Turnu Severin
9952,Drogobych
9953,Dronfield
9954,Dubbo
9955,Dublin
9956,Dubuque
9957,Dudley
9958,Duisburg
9959,Duitama
9960,Dumai
9961,Dundee
9962,Dunedin
9963,Dunstable
9964,Duque de Caxias
9965,Durango
9966,Durban
9967,Durg
9968,Durgapur
9969,Durham
9970,Durres
9971,Duzce
9972,Dzhezkazgan
9973,Eagan
9974,East Kilbride
9975,East London
9976,East Orange
9977,East Point
9978,Eastbourne
9979,Eau Claire
9980,Ebolowa
9981,Echirolles
9982,Echuca
9983,Edea
9984,Edinburg
9985,Edinburgh
9986,Edirne
9987,Edmond
9988,Edmonds
9989,Edmonton
9990,Edogawa-ku
9991,Eggenstein-Leopoldshafen
9992,Eindhoven
9993,Ekibastuz
9994,El Cajon
9995,El Ejido
9996,El Escorial
9997,El Jadida
9998,El Limón
9999,El Paso
10000,El Prat de Llobregat
10001,El Progreso
10002,El Tigre
10003,Elazig
10004,Elbasan
10005,Elbeuf
10006,Elda
10007,Elkhart
10008,Elmhurst
10009,Elx
10010,Elyria
10011,Emden
10012,Emmen
10013,Encinitas
10014,Englewood
10015,Ennigerloh
10016,Enschede
10017,Ensenada
10018,Enugu
10019,Envigado
10020,Epinal
10021,Epworth
10022,Eragny
10023,Ercolano
10024,Erechim
10025,Erftstadt
10026,Erfurt
10027,Erlangen
10028,Ermont
10029,Erzurum
10030,Esbjerg
10031,Escondido
10032,Escuintla
10033,Esenyurt
10034,Eskilstuna
10035,Eskisehir
10036,Espoo
10037,Esquina
10038,Essen
10039,Estelí
10040,Estepona
10041,Etawah
10042,Etimesgut
10043,Eugene
10044,Eunápolis
10045,Euskirchen
10046,Evanston
10047,Everett
10048,Evreux
10049,Evry
10050,Exeter
10051,Ezhou
10052,Facatativá
10053,Faches-Thumesnil
10054,Faenza
10055,Fairfield
10056,Falconara Marittima
10057,Fano
10058,Fareham
10059,Fargo
10060,Faridabad
10061,Farmington
10062,Farnborough
10063,Farroupilha
10064,Fasa
10065,Fatehpur
10066,Fayetteville
10067,Feira
10068,Feira de Santana
10069,Felahiye
10070,Fengcheng
10071,Fernando de la Mora
10072,Ferndown
10073,Ferrara
10074,Fes
10075,Fianarantsoa
10076,Firminy
10077,Firozabad
10078,Fiumicino
10079,Flensburg
10080,Flers
10081,Fleury-les-Aubrais
10082,Florence
10083,Florencia
10084,Floriano
10085,Floridablanca
10086,Focsani
10087,Foggia
10088,Foligno
10089,Fontaine
10090,Fontainebleau
10091,Fontenay-aux-Roses
10092,Fontenay-le-Comte
10093,Fontenay-sous-Bois
10094,Forbach
10095,Forst
10096,Forster
10097,Fort Collins
10098,Fort Lauderdale
10099,Fort Portal
10100,Fort Worth
10101,Fort-de-France
10102,Fortaleza
10103,Foshan
10104,Foumban
10105,Franca
10106,Francisco Beltrão
10107,Francisco Morato
10108,Franco da Rocha
10109,Franconville
10110,Frankfort
10111,Frankfurt
10112,Franklin
10113,Frederiksberg
10114,Freeport
10115,Freiburg
10116,Fremont
10117,Fresnes
10118,Fresnillo de González Echeverría
10119,Fresno
10120,Friedberg
10121,Friedrichshafen
10122,Frisco
10123,Frontera
10124,Frontignan
10125,Fuengirola
10126,Fuenlabrada
10127,Fuji
10128,Fujisawa
10129,Fukui
10130,Fukuyama
10131,Fulda
10132,Funabashi
10133,Funtua
10134,Fushun
10135,Fuzhou
10136,Gagnoa
10137,Gagny
10138,Gaithersburg
10139,Galati
10140,Gallarate
10141,Galway
10142,Gandia
10143,Ganganagar
10144,Gaomi
10145,Gaoyou
10146,Gap
10147,Garanhuns
10148,Garbsen
10149,Garches
10150,Gardanne
10151,Garden City
10152,Garforth
10153,Garland
10154,Garoua
10155,Garza García
10156,Gaspar
10157,Gastonia
10158,Gateshead
10159,Gatineau
10160,Gawler
10161,Gaya
10162,Gaziantep
10163,Gaziemir
10164,Gdansk
10165,Gdynia
10166,Gebze
10167,Geelong
10168,Gela
10169,Gelsenkirchen
10170,General Escobedo
10171,Geneva
10172,Genk
10173,Gennevilliers
10174,Genoa
10175,George
10176,Georgetown
10177,Gera
10178,Geraldton
10179,Getafe
10180,Getxo
10181,Ghaziabad
10182,Ghent
10183,Gien
10184,Gilbert
10185,Gillingham
10186,Girga
10187,Girona
10188,Girón
10189,Gisborne
10190,Gitarama
10191,Giurgiu
10192,Givors
10193,Giyani
10194,Gladbeck
10195,Gladstone
10196,Glasgow
10197,Glendale
10198,Glenview
10199,Gliwice
10200,Gloucester
10201,Goiânia
10202,Gold Coast
10203,Goldsboro
10204,Gombe
10205,Gonabad
10206,Gonaïves
10207,Gonesse
10208,Gongzhuling
10209,Gorakhpur
10210,Gorgan
10211,Gorzow Wielkopolski
10212,Gosport
10213,Gothenburg
10214,Goulburn
10215,Goussainville
10216,Goyang
10217,Gradignan
10218,Grajaú
10219,Granada
10220,Grand Island
10221,Grand Prairie
10222,Grand Rapids
10223,Granollers
10224,Grapevine
10225,Grasse
10226,Gravataí
10227,Gravatá
10228,Gravesend
10229,Graz
10230,Great Falls
10231,Great Yarmouth
10232,Greeley
10233,Green Bay
10234,Greensboro
10235,Greenville
10236,Greenwood
10237,Greifswald
10238,Grenoble
10239,Gresham
10240,Grevenbroich
10241,Griffith
10242,Grigny
10243,Gronau
10244,Groningen
10245,Grosseto
10246,Grove City
10247,Guacara
10248,Guadalajara
10249,Guamúchil
10250,Guanajuato
10251,Guanambi
10252,Guanare
10253,Guangshui
10254,Guangzhou
10255,Guantánamo
10256,Guarapari
10257,Guarapuava
10258,Guaratinguetá
10259,Guarenas
10260,Guarujá
10261,Guarulhos
10262,Guasave
10263,Guatemala City
10264,Guatire
10265,Guayana
10266,Guayaquil
10267,Guaymas
10268,Gubkin
10269,Guelma
10270,Guelmim
10271,Guelph
10272,Guidonia Montecelio
10273,Guildford
10274,Guilin
10275,Guimarães
10276,Guiping
10277,Guiyang
10278,Gujranwala
10279,Gujrat
10280,Gulbarga
10281,Gulfport
10282,Gulu
10283,Gummersbach
10284,Guntur
10285,Gurupi
10286,Gusau
10287,Guwahati
10288,Guyancourt
10289,Guzmán
10290,Gwalior
10291,Gyor
10292,Gyula
10293,Gómez Palacio
10294,Günzburg
10295,Haarlem
10296,Hachinohe
10297,Hackensack
10298,Hadera
10299,Hagen
10300,Hagerstown
10301,Haguenau
10302,Haifa
10303,Haikou
10304,Hailin
10305,Halesowen
10306,Halifax
10307,Halle
10308,Halluin
10309,Halmstad
10310,Haltom City
10311,Hamadan
10312,Hamamatsu
10313,Hamar
10314,Hamburg
10315,Hamilton
10316,Hamm
10317,Hamme
10318,Hampton
10319,Handa
10320,Handan
10321,Hangu
10322,Hangzhou
10323,Haninge
10324,Hanoi
10325,Hanover
10326,Hapur
10327,Harare
10328,Harbin
10329,Hardenberg
10330,Hargeysa
10331,Harlingen
10332,Harlow
10333,Harrisonburg
10334,Harrogate
10335,Harrow
10336,Hartlepool
10337,Hasselt
10338,Hastings
10339,Hattiesburg
10340,Hattingen
10341,Hautmont
10342,Hayange
10343,Hazebrouck
10344,Hebi
10345,Hechuan
10346,Heerlen
10347,Hefei
10348,Heidelberg
10349,Heilbronn
10350,Helena
10351,Helmond
10352,Helsingborg
10353,Helsinki
10354,Hemel Hempstead
10355,Hempstead
10356,Henderson
10357,Hendersonville
10358,Hengelo
10359,Hengyang
10360,Herat
10361,Hereford
10362,Herford
10363,Hermosillo
10364,Herne
10365,Heroica Zitácuaro
10366,Herten
10367,Hesperia
10368,Heyuan
10369,Heze
10370,Hialeah
10371,Hickory
10372,Hidalgo
10373,High Wycombe
10374,Highland Park
10375,Hilden
10376,Hildesheim
10377,Hillsboro
10378,Hilversum
10379,Himeji
10380,Hinckley
10381,Hirakata
10382,Hiratsuka
10383,Hisar
10384,Ho Chi Minh City
10385,Hobart
10386,Hod HaSharon
10387,Hohhot
10388,Holguín
10389,Holland
10390,Hollywood
10391,Holon
10392,Holyoke
10393,Homestead
10394,Homs
10395,Homyel'
10396,Hoover
10397,Horlivka
10398,Hot Springs
10399,Houilles
10400,Houston
10401,Hove
10402,Hradec Kralove
10403,Hrodna
10404,Huadian
10405,Huaibei
10406,Huaihua
10407,Huainan
10408,Huaiyin
10409,Huambo
10410,Huancayo
10411,Huangshan
10412,Huangshi
10413,Huaraz
10414,Hubli
10415,Huddersfield
10416,Huddinge
10417,Huehuetenango
10418,Huelva
10419,Huixquilucan
10420,Huizhou
10421,Huntington Beach
10422,Huntsville
10423,Hurghada
10424,Huyton
10425,Huzhou
10426,Hyderabad
10427,Iasi
10428,Ibadan
10429,Ibagué
10430,Ibaraki
10431,Ibb
10432,Ibirité
10433,Ibiúna
10434,Ichalkaranji
10435,Ichikawa
10436,Idfu
10437,Igarassu
10438,Igdir
10439,Iguala
10440,Igurusi
10441,Ijuí
10442,Ikot Ekpene
10443,Ilam
10444,Ilesha
10445,Ilhéus
10446,Illkirch-Graffenstaden
10447,Ilo
10448,Ilopango
10449,Ilorin
10450,Imola
10451,Imphal
10452,Indaial
10453,Indaiatuba
10454,Independence
10455,Indianapolis
10456,Indore
10457,Inegol
10458,Inglewood
10459,Ingolstadt
10460,Innsbruck
10461,Invercargill
10462,Iowa City
10463,Ipatinga
10464,Ipiales
10465,Ipoh
10466,Ipswich
10467,Iquique
10468,Iquitos
10469,Iranshahr
10470,Irapuato
10471,Irbid
10472,Iringa
10473,Irkutsk
10474,Irun
10475,Irving
10476,Iserlohn
10477,Iskenderun
10478,Islamabad
10479,Isparta
10480,Issoire
10481,Issy-les-Moulineaux
10482,Istanbul
10483,Istres
10484,Itaituba
10485,Itajaí
10486,Itamaraju
10487,Itapecerica da Serra
10488,Itapecuru Mirim
10489,Itapetininga
10490,Itapeva
10491,Itapevi
10492,Itaúna
10493,Itu
10494,Ituiutaba
10495,Ivano-Frankivs'k
10496,Ivanovo
10497,Ivry-sur-Seine
10498,Ixtapaluca
10499,Izmir
10500,Izúcar de Matamoros
10501,Jabalpur
10502,Jaboticabal
10503,Jacareí
10504,Jackson
10505,Jacksonville
10506,Jacobina
10507,Jaipur
10508,Jakarta
10509,Jalalabad
10510,Jalna
10511,Jambi
10512,Jamestown
10513,Jammu
10514,Jamnagar
10515,Jamshedpur
10516,Jamundí
10517,Jastrzebie Zdroj
10518,Jataí
10519,Javanrud
10520,Jaworzno
10521,Jayapura
10522,Jaú
10523,Jeddah
10524,Jefferson City
10525,Jember
10526,Jena
10527,Jequié
10528,Jerez de la Frontera
10529,Jerusalem
10530,Jhansi
10531,Ji-Paraná
10532,Jiamusi
10533,Jiangdu
10534,Jiangmen
10535,Jiangyan
10536,Jiangyou
10537,Jiaohe
10538,Jiaozuo
10539,Jiaxing
10540,Jieshou
10541,Jieyang
10542,Jilin
10543,Jinan
10544,Jincheng
10545,Jingdezhen
10546,Jingmen
10547,Jinhua
10548,Jining
10549,Jinja
10550,Jinjiang
10551,Jiutai
10552,Jiutepec
10553,Jixi
10554,Jizan
10555,Jizzakh
10556,Jodhpur
10557,Johannesburg
10558,Johnson City
10559,Joinville
10560,Jonesboro
10561,Jos
10562,José Bonifácio
10563,João Pessoa
10564,Juazeiro
10565,Juba
10566,Juiz de Fora
10567,Juliaca
10568,Jundiaí
10569,Junín
10570,Jupiter
10571,Jurema
10572,Juárez
10573,K'ut'aisi
10574,Kabul
10575,Kabwe
10576,Kadoma
10577,Kaduna
10578,Kafr ad Dawwar
10579,Kafr ash Shaykh
10580,Kahramanmaras
10581,Kaifeng
10582,Kaiserslautern
10583,Kaiyuan
10584,Kakinada
10585,Kalemie
10586,Kaliningrad
10587,Kalisz
10588,Kaluga
10589,Kalundborg
10590,Kalush
10591,Kalyan
10592,Kamarhati
10593,Kamina
10594,Kampala
10595,Kananga
10596,Kandahar
10597,Kandi
10598,Kankan
10599,Kano
10600,Kanpur
10601,Kara
10602,Karaman
10603,Karbala'
10604,Karimnagar
10605,Karliova
10606,Karlsruhe
10607,Karlstad
10608,Karnal
10609,Kars
10610,Kartal
10611,Kasama
10612,Kashan
10613,Kashira
10614,Kaspiysk
10615,Kassala
10616,Kassel
10617,Kastamonu
10618,Kasugai
10619,Kathmandu
10620,Katoomba
10621,Katowice
10622,Katsina
10623,Katsushika-ku
10624,Kaunas
10625,Kawagoe
10626,Kawaguchi
10627,Kawasaki
10628,Kayes
10629,Kayseri
10630,Kazerun
10631,Kediri
10632,Keller
10633,Kendari
10634,Kenitra
10635,Kenner
10636,Kenosha
10637,Kent
10638,Keren
10639,Kerman
10640,Kermanshah
10641,Kerpen
10642,Kettering
10643,Kharkiv
10644,Khartoum
10645,Khasavyurt
10646,Khemisset
10647,Khenifra
10648,Kherson
10649,Khmel'nyts'kyy
10650,Khomeynishahr
10651,Khorramabad
10652,Khorramshahr
10653,Khouribga
10654,Khulna
10655,Kidderminster
10656,Kiel
10657,Kigali
10658,Kigoma
10659,Kikwit
10660,Kilis
10661,Kilwinning
10662,Kindia
10663,Kindu
10664,Kingston
10665,Kingswood
10666,Kinshasa
10667,Kirkwood
10668,Kirovohrad
10669,Kirsehir
10670,Kisangani
10671,Kismaayo
10672,Kissimmee
10673,Kisumu
10674,Kita-ku
10675,Kitchener
10676,Kitwe
10677,Kiziltepe
10678,Klagenfurt
10679,Klaipeda
10680,Knoxville
10681,Koblenz
10682,Kocaeli
10683,Kochi
10684,Koforidua
10685,Koidu
10686,Kokshetau
10687,Kolhapur
10688,Kollam
10689,Kolwezi
10690,Konya
10691,Kopeysk
10692,Korba
10693,Korce
10694,Korhogo
10695,Korla
10696,Kortrijk
10697,Koshigaya
10698,Kota
10699,Kota Kinabalu
10700,Kotka
10701,Koumra
10702,Kowloon
10703,Kozan
10704,Kozhikode
10705,Kramators'k
10706,Krasnyy Luch
10707,Krefeld
10708,Kremenchuk
10709,Kristiansand
10710,Krugersdorp
10711,Kryvyy Rih
10712,Kuala Lumpur
10713,Kuala Terengganu
10714,Kuantan
10715,Kuching
10716,Kuito
10717,Kukatpalli
10718,Kulob
10719,Kulti
10720,Kumanovo
10721,Kumasi
10722,Kumba
10723,Kunming
10724,Kupang
10725,Kurashiki
10726,Kure
10727,Kutahya
10728,Kwangju
10729,Kwinana
10730,L'viv
10731,La Baule-Escoublac
10732,La Ceiba
10733,La Celle-Saint-Cloud
10734,La Chapelle-sur-Erdre
10735,La Chorrera
10736,La Ciotat
10737,La Crau
10738,La Crosse
10739,La Madeleine
10740,La Mesa
10741,La Paz
10742,La Pintana
10743,La Plata
10744,La Porte
10745,La Quinta
10746,La Rioja
10747,La Roche-sur-Yon
10748,La Rochelle
10749,La Romana
10750,La Seyne-sur-Mer
10751,La Spezia
10752,La Teste-de-Buch
10753,La Vega
10754,Lafayette
10755,Laghouat
10756,Lagny-sur-Marne
10757,Lagos
10758,Lagos de Moreno
10759,Laguna Niguel
10760,Lahore
10761,Laiyang
10762,Lajeado
10763,Lake Charles
10764,Lake Elsinore
10765,Lake Forest
10766,Lakeland
10767,Lakeville
10768,Lakewood
10769,Lambaré
10770,Lancaster
10771,Landerneau
10772,Landskrona
10773,Lanester
10774,Langen
10775,Langenfeld
10776,Langenhagen
10777,Langfang
10778,Lannion
10779,Lansing
10780,Lanxi
10781,Lanzhou
10782,Laohekou
10783,Laon
10784,Larache
10785,Laredo
10786,Las Cruces
10787,Las Piedras
10788,Las Pinas
10789,Las Rozas de Madrid
10790,Las Tunas
10791,Las Vegas
10792,Latina
10793,Lattes
10794,Latur
10795,Launceston
10796,Laurel
10797,Lausanne
10798,Laval
10799,Lawrence
10800,Lawton
10801,Layton
10802,Le Blanc-Mesnil
10803,Le Bouscat
10804,Le Cannet
10805,Le Chesnay
10806,Le Creusot
10807,Le Havre
10808,Le Mans
10809,Le Petit-Quevilly
10810,Le Plessis-Robinson
10811,Le Pontet
10812,Le Pré-Saint-Gervais
10813,League City
10814,Lebanon
10815,Lecce
10816,Leeds
10817,Leeuwarden
10818,Legnano
10819,Lehi
10820,Leicester
10821,Leiden
10822,Leipzig
10823,Lens
10824,Lençóis Paulista
10825,Leoben
10826,Leominster
10827,Les Abymes
10828,Les Clayes-sous-Bois
10829,Les Herbiers
10830,Les Lilas
10831,Les Mureaux
10832,Les Pavillons-sous-Bois
10833,Les Pennes-Mirabeau
10834,Les Ulis
10835,Leshan
10836,Letchworth
10837,Leuven
10838,Levallois-Perret
10839,Leverkusen
10840,Levin
10841,Lewiston
10842,León
10843,Lianyuan
10844,Lianzhou
10845,Liaocheng
10846,Liaoyang
10847,Liaoyuan
10848,Liberec
10849,Libourne
10850,Libreville
10851,Licheng
10852,Lichinga
10853,Lida
10854,Likasi
10855,Lille
10856,Lima
10857,Limay
10858,Limbe
10859,Limeira
10860,Limoeiro do Norte
10861,Limoges
10862,Linares
10863,Lincoln
10864,Lincoln Park
10865,Linden
10866,Lindenhurst
10867,Lingolsheim
10868,Linhai
10869,Linhares
10870,Lins
10871,Linyi
10872,Linz
10873,Lippstadt
10874,Lisbon
10875,Lisichansk
10876,Lisieux
10877,Lismore
10878,Little Rock
10879,Littlehampton
10880,Littleton
10881,Liuyang
10882,Liverpool
10883,Livingston
10884,Livingstone
10885,Livry-Gargan
10886,Ljubljana
10887,Lo Prado
10888,Lodi
10889,Lodz
10890,Logan
10891,Lohne
10892,Lokossa
10893,Lome
10894,Lomme
10895,London
10896,Londrina
10897,Long Beach
10898,Longjumeau
10899,Longmont
10900,Longueuil
10901,Longview
10902,Lons-le-Saunier
10903,Loos
10904,Lora del Río
10905,Lorain
10906,Lorca
10907,Lorena
10908,Lorient
10909,Lormont
10910,Los Angeles
10911,Los Mochis
10912,Los Patios
10913,Los Ángeles
10914,Loubomo
10915,Loudi
10916,Loughborough
10917,Louisville
10918,Loum
10919,Loures
10920,Louviers
10921,Loveland
10922,Lowell
10923,Lower Hutt
10924,Lowestoft
10925,Luanda
10926,Luanshya
10927,Lubango
10928,Lubbock
10929,Lublin
10930,Lubumbashi
10931,Lucca
10932,Lucerne
10933,Lucknow
10934,Ludhiana
10935,Ludwigsburg
10936,Ludwigsfelde
10937,Ludwigshafen am Rhein
10938,Lugo
10939,Lugoj
10940,Luhans'k
10941,Lund
10942,Lunel
10943,Luohe
10944,Luoyang
10945,Lusaka
10946,Luton
10947,Luts'k
10948,Lyon
10949,Lázaro Cárdenas
10950,Maastricht
10951,Mabopane
10952,Macapá
10953,Maceió
10954,Macheng
10955,Mackay
10956,Macon
10957,Madero
10958,Madison
10959,Madrid
10960,Madurai
10961,Magdeburg
10962,Magnitogorsk
10963,Mahajanga
10964,Maidenhead
10965,Maidstone
10966,Maiduguri
10967,Mainz
10968,Maisons-Alfort
10969,Maisons-Laffitte
10970,Majadahonda
10971,Makati
10972,Makeni
10973,Makhachkala
10974,Makurdi
10975,Malakoff
10976,Malambo
10977,Malang
10978,Malanje
10979,Malatya
10980,Malayer
10981,Malden
10982,Malegaon
10983,Mallawi
10984,Maltepe
10985,Mamak
10986,Man
10987,Manacapuru
10988,Manado
10989,Managua
10990,Manaus
10991,Manchester
10992,Mandurah
10993,Manfredonia
10994,Mangalore
10995,Manhattan
10996,Manila
10997,Manisa
10998,Manizales
10999,Mannheim
11000,Manresa
11001,Mansfield
11002,Manteca
11003,Mantes-la-Jolie
11004,Mantes-la-Ville
11005,Manukau City
11006,Manzanillo
11007,Manzini
11008,Maple Grove
11009,Maputo
11010,Mar del Plata
11011,Maracaibo
11012,Maracay
11013,Maradi
11014,Marano di Napoli
11015,Marbella
11016,Mardan
11017,Mardin
11018,Margate
11019,Marietta
11020,Marignane
11021,Marikina
11022,Marina di Carrara
11023,Maringá
11024,Marion
11025,Mariupol'
11026,Markham
11027,Marl
11028,Marlborough
11029,Marly-le-Roi
11030,Maroua
11031,Marrakech
11032,Marsa Matruh
11033,Marsabit
11034,Marsala
11035,Marseille
11036,Martigues
11037,Mary
11038,Maryborough
11039,Marysville
11040,Masaya
11041,Maseru
11042,Mashhad
11043,Masjed Soleyman
11044,Mason
11045,Massa
11046,Massy
11047,Masterton
11048,Matadi
11049,Matagalpa
11050,Matanzas
11051,Mataram
11052,Matehuala
11053,Mathura
11054,Matola
11055,Matsubara
11056,Matsudo
11057,Matsumoto
11058,Maturín
11059,Mau
11060,Maubeuge
11061,Mauguio
11062,Mauá
11063,Maxixe
11064,Mazyr
11065,Mbandaka
11066,Mbeya
11067,Mbinga
11068,Mbuji-mayi
11069,Mcallen
11070,Meaux
11071,Mecca
11072,Mechelen
11073,Medan
11074,Medea
11075,Medellín
11076,Medford
11077,Medina
11078,Meerut
11079,Meizhou
11080,Mejicanos
11081,Meknes
11082,Melbourne
11083,Melchor Ocampo
11084,Melilla
11085,Melitopol'
11086,Melton
11087,Melun
11088,Memphis
11089,Menden
11090,Mendoza
11091,Menemen
11092,Menton
11093,Mentor
11094,Mentougou
11095,Meriden
11096,Meridian
11097,Mersin
11098,Mesa
11099,Mesquite
11100,Messaad
11101,Messina
11102,Metepec
11103,Metz
11104,Meudon
11105,Mexicali
11106,Mexico City
11107,Meyzieu
11108,Mezitli
11109,Miami
11110,Mianyang
11111,Miass
11112,Middlesbrough
11113,Middletown
11114,Midland
11115,Midyat
11116,Miguel Hidalgo
11117,Mijas
11118,Milan
11119,Mildura
11120,Milford
11121,Millau
11122,Milpa Alta
11123,Milwaukee
11124,Minden
11125,Minna
11126,Minneapolis
11127,Minuf
11128,Miramar
11129,Miramas
11130,Mirzapur
11131,Mishawaka
11132,Misratah
11133,Mission Viejo
11134,Mississauga
11135,Missoula
11136,Missouri City
11137,Mitry-Mory
11138,Mixco
11139,Moa
11140,Mobile
11141,Moca
11142,Mococa
11143,Modena
11144,Modesto
11145,Modica
11146,Moers
11147,Mogadishu
11148,Mogi das Cruzes
11149,Mohammedia
11150,Moissy-Cramayel
11151,Molfetta
11152,Molina de Segura
11153,Mombasa
11154,Moncalieri
11155,Monclova
11156,Monroe
11157,Monrovia
11158,Mons-en-Baroeul
11159,Mont-Saint-Aignan
11160,Mont-de-Marsan
11161,Montargis
11162,Montauban
11163,Montbrison
11164,Montceau-les-Mines
11165,Montebello
11166,Montecatini Terme
11167,Montenegro
11168,Montereau-Fault-Yonne
11169,Monterrey
11170,Montería
11171,Montes Claros
11172,Montesson
11173,Montevideo
11174,Montfermeil
11175,Montgeron
11176,Montgomery
11177,Montigny-le-Bretonneux
11178,Montmorency
11179,Montpellier
11180,Montreuil
11181,Montrouge
11182,Montréal
11183,Monza
11184,Moorhead
11185,Mopti
11186,Moradabad
11187,Morelia
11188,Moreno Valley
11189,Morgan Hill
11190,Morley
11191,Morogoro
11192,Morristown
11193,Morón
11194,Moshi
11195,Mosquera
11196,Mossoró
11197,Mostaganem
11198,Mosul
11199,Mougins
11200,Moulins
11201,Mount Gambier
11202,Mount Isa
11203,Mount Pleasant
11204,Mount Vernon
11205,Mouscron
11206,Mpumalanga
11207,Mtwara
11208,Mubi
11209,Mudanjiang
11210,Mufulira
11211,Mulhouse
11212,Multan
11213,Mumbai
11214,Munich
11215,Munster
11216,Murcia
11217,Muret
11218,Murfreesboro
11219,Murray
11220,Murray Bridge
11221,Murrieta
11222,Muskogee
11223,Musoma
11224,Mutare
11225,Muzaffarpur
11226,Mwanza
11227,Mykolayiv
11228,Myslowice
11229,Mysore
11230,Mâcon
11231,Mérida
11232,Nacka
11233,Nagaoka
11234,Nagasaki
11235,Nagercoil
11236,Nagpur
11237,Naihati
11238,Nairobi
11239,Najafabad
11240,Nakhon Ratchasima
11241,Nakuru
11242,Nal'chik
11243,Namangan
11244,Namibe
11245,Nampula
11246,Namur
11247,Nanchang
11248,Nanchong
11249,Nancy
11250,Nanning
11251,Nanterre
11252,Nantes
11253,Nantong
11254,Nanyang
11255,Naperville
11256,Napier
11257,Naples
11258,Narbonne
11259,Narsingdi
11260,Nashua
11261,Nashville
11262,Nasik
11263,Natal
11264,Natitingou
11265,Naumburg
11266,Navegantes
11267,Nazilli
11268,Ndola
11269,Necochea
11270,Neijiang
11271,Neiva
11272,Nellore
11273,Nelson
11274,Neu-Ulm
11275,Neubrandenburg
11276,Neuilly-Plaisance
11277,Neuilly-sur-Marne
11278,Neuilly-sur-Seine
11279,Neunkirchen
11280,Neuquén
11281,Neuwied
11282,Nevsehir
11283,New Albany
11284,New Bedford
11285,New Brunswick
11286,New Castle
11287,New Delhi
11288,New Plymouth
11289,New Rochelle
11290,New York City
11291,Newark
11292,Newcastle
11293,Newcastle upon Tyne
11294,Newport News
11295,Neyshabur
11296,Ngaoundere
11297,Nguigmi
11298,Nha Trang
11299,Niagara Falls
11300,Niamey
11301,Nice
11302,Nicolás Romero
11303,Nieuwegein
11304,Nigde
11305,Nijmegen
11306,Nikopol'
11307,Ningbo
11308,Ninghai
11309,Niort
11310,Nishinomiya
11311,Niterói
11312,Nitra
11313,Nizamabad
11314,Nizhyn
11315,Nkongsamba
11316,Noblesville
11317,Noda
11318,Nogent-sur-Oise
11319,Noisy-le-Grand
11320,Noisy-le-Sec
11321,Norderstedt
11322,Norfolk
11323,Normal
11324,Norman
11325,North Charleston
11326,North Las Vegas
11327,North Miami
11328,North York
11329,Northampton
11330,Northwich
11331,Norwich
11332,Nottingham
11333,Nouakchott
11334,Nova Serrana
11335,Novara
11336,Novo Cruzeiro
11337,Novo Gama
11338,Nowra
11339,Nueva Gerona
11340,Nuevo Laredo
11341,Nuneaton
11342,Nuremberg
11343,Nysa
11344,Nzerekore
11345,Oak Park
11346,Oakland
11347,Oakville
11348,Oberhausen
11349,Obninsk
11350,Obregón
11351,Ocaña
11352,Oceanside
11353,Ocotlán
11354,Odense
11355,Odessa
11356,Odivelas
11357,Offenbach
11358,Offenburg
11359,Oklahoma City
11360,Oktyabr'skiy
11361,Olathe
11362,Oldenburg
11363,Oldham
11364,Oleksandriya
11365,Olivet
11366,Olomouc
11367,Olympia
11368,Omaha
11369,Onitsha
11370,Ontario
11371,Oosterhout
11372,Opole
11373,Oradea
11374,Oran
11375,Orange
11376,Ordu
11377,Orem
11378,Orihuela
11379,Oriximiná
11380,Orizaba
11381,Orland Park
11382,Orlando
11383,Ormond Beach
11384,Orsay
11385,Orsha
11386,Oruro
11387,Osasco
11388,Osh
11389,Oshawa
11390,Osijek
11391,Oslo
11392,Osmaniye
11393,Osny
11394,Osorno
11395,Oss
11396,Ostrava
11397,Oswego
11398,Ottawa
11399,Ouidah
11400,Oullins
11401,Outreau
11402,Overland Park
11403,Oviedo
11404,Owensboro
11405,Owerri
11406,Owo
11407,Oxford
11408,Oxnard
11409,Oyama
11410,Oyonnax
11411,Padang
11412,Paderborn
11413,Paisley
11414,Paita
11415,Palaiseau
11416,Palatine
11417,Palembang
11418,Palencia
11419,Palermo
11420,Palhoça
11421,Palm Coast
11422,Palma Soriano
11423,Palma de Mallorca
11424,Palmares
11425,Palmerston
11426,Palmerston North
11427,Palmira
11428,Palo Negro
11429,Palu
11430,Pamiers
11431,Pamplona
11432,Panama City
11433,Panevezys
11434,Panihati
11435,Panipat
11436,Pantin
11437,Papakura
11438,Paracatu
11439,Parakou
11440,Paranaguá
11441,Paraná
11442,Paraparaumu
11443,Parbhani
11444,Parintins
11445,Paris
11446,Park Ridge
11447,Parker
11448,Parla
11449,Parma
11450,Pasadena
11451,Pasco
11452,Pasig
11453,Passaic
11454,Passau
11455,Passo Fundo
11456,Passos
11457,Pasto
11458,Paterson
11459,Patiala
11460,Patna
11461,Pato Branco
11462,Patrocínio
11463,Pau
11464,Paulista
11465,Pavlodar
11466,Paysandú
11467,Pazardzhik
11468,Paço do Lumiar
11469,Pearland
11470,Peer
11471,Pekalongan
11472,Pekanbaru
11473,Pelotas
11474,Pematangsiantar
11475,Pemba
11476,Pembroke Pines
11477,Penedo
11478,Penglai
11479,Pensacola
11480,Peoria
11481,Pereira
11482,Pernik
11483,Perpignan
11484,Perth
11485,Perth Amboy
11486,Pertuis
11487,Perugia
11488,Pesaro
11489,Pescara
11490,Peshawar
11491,Pessac
11492,Pestovo
11493,Petapa
11494,Petare
11495,Peterborough
11496,Petrópolis
11497,Pforzheim
11498,Pharr
11499,Philadelphia
11500,Phnom Penh
11501,Phoenix
11502,Piacenza
11503,Piatra-Neamt
11504,Pickering
11505,Pico Rivera
11506,Piedecuesta
11507,Piedras Negras
11508,Pierrefitte-sur-Seine
11509,Pietermaritzburg
11510,Pila
11511,Pilar
11512,Pimpri
11513,Pinar del Río
11514,Pindamonhangaba
11515,Pine Bluff
11516,Pingdingshan
11517,Pingnan
11518,Pingxiang
11519,Pinheiro
11520,Pinsk
11521,Piotrkow Trybunalski
11522,Pirapora
11523,Pisa
11524,Pistoia
11525,Pitalito
11526,Pitesti
11527,Piura
11528,Plainfield
11529,Plaisance-du-Touch
11530,Plaisir
11531,Plano
11532,Plantation
11533,Pleasant Grove
11534,Pleven
11535,Plock
11536,Ploemeur
11537,Ploiesti
11538,Plovdiv
11539,Plymouth
11540,Plzen
11541,Pocatello
11542,Podgorica
11543,Poissy
11544,Poitiers
11545,Polatli
11546,Polatsk
11547,Poltava
11548,Pomezia
11549,Pomona
11550,Pompano Beach
11551,Ponferrada
11552,Pontault-Combault
11553,Ponte Nova
11554,Ponteareas
11555,Pontes e Lacerda
11556,Pontevedra
11557,Pontianak
11558,Pontivy
11559,Pontoise
11560,Poole
11561,Porirua
11562,Porlamar
11563,Port Arthur
11564,Port Elizabeth
11565,Port Harcourt
11566,Port Macquarie
11567,Port Moresby
11568,Port Orange
11569,Port Said
11570,Port Saint Lucie
11571,Portage
11572,Portici
11573,Portland
11574,Portmore
11575,Porto
11576,Porto Alegre
11577,Porto-Novo
11578,Portoviejo
11579,Portsmouth
11580,Posadas
11581,Potchefstroom
11582,Potenza
11583,Potosí
11584,Potsdam
11585,Pouso Alegre
11586,Poza Rica de Hidalgo
11587,Poznan
11588,Pozzuoli
11589,Poços de Caldas
11590,Prague
11591,Praia Grande
11592,Prato
11593,Presidencia Roque Sáenz Peña
11594,Presidente Dutra
11595,Presidente Prudente
11596,Preston
11597,Pretoria
11598,Probolinggo
11599,Progreso
11600,Providence
11601,Provo
11602,Pucallpa
11603,Puducherry
11604,Puebla
11605,Pueblo
11606,Puente Alto
11607,Puerto La Cruz
11608,Puerto Montt
11609,Puerto Padre
11610,Puerto Vallarta
11611,Puertollano
11612,Pulheim
11613,Pune
11614,Puno
11615,Punta Arenas
11616,Purmerend
11617,Purwokerto
11618,Puteaux
11619,Puyang
11620,Qaraghandy
11621,Qarshi
11622,Qazvin
11623,Qena
11624,Qidong
11625,Qingdao
11626,Qiqihar
11627,Qitaihe
11628,Qom
11629,Qostanay
11630,Quanzhou
11631,Quartu Sant'Elena
11632,Quchan
11633,Queanbeyan
11634,Quebec
11635,Quelimane
11636,Querétaro
11637,Quetta
11638,Quetzaltenango
11639,Quevedo
11640,Quibdó
11641,Quilmes
11642,Quimper
11643,Quincy
11644,Quito
11645,Quixadá
11646,Rabat
11647,Rach Gia
11648,Radom
11649,Rafsanjan
11650,Ragusa
11651,Raipur
11652,Rajkot
11653,Rajshahi
11654,Raleigh
11655,Ramat Aviv
11656,Ramat Gan
11657,Rambouillet
11658,Ramnicu Valcea
11659,Rancagua
11660,Ranchi
11661,Rancho Cucamonga
11662,Randers
11663,Randfontein
11664,Rapid City
11665,Ras al Khaymah
11666,Rasht
11667,Ratingen
11668,Ratlam
11669,Ravenna
11670,Rawalpindi
11671,Reading
11672,Recife
11673,Recklinghausen
11674,Red Deer
11675,Redding
11676,Redditch
11677,Redlands
11678,Redmond
11679,Redondo Beach
11680,Redwood City
11681,Regensburg
11682,Reggio nell'Emilia
11683,Regina
11684,Registro
11685,Rehovot
11686,Reims
11687,Remscheid
11688,Rennes
11689,Reno
11690,Renqiu
11691,Renton
11692,Resende
11693,Resistencia
11694,Resita
11695,Reus
11696,Reutlingen
11697,Revere
11698,Reynosa
11699,Rheine
11700,Rhondda
11701,Ribeirão Preto
11702,Riberalta
11703,Richardson
11704,Richmond
11705,Richmond Hill
11706,Rijeka
11707,Rillieux-la-Pape
11708,Rimini
11709,Rio Branco
11710,Rio Grande
11711,Rio Rancho
11712,Riom
11713,Ris-Orangis
11714,Rivera
11715,Riverside
11716,Rivne
11717,Riyadh
11718,Rize
11719,Rizhao
11720,Roanne
11721,Rochdale
11722,Rochefort
11723,Rochester
11724,Rochester Hills
11725,Rock Hill
11726,Rockford
11727,Rockhampton
11728,Rockville
11729,Roermond
11730,Roeselare
11731,Rogers
11732,Rohtak
11733,Roissy-en-Brie
11734,Rolândia
11735,Roman
11736,Rome
11737,Romeoville
11738,Ronchin
11739,Rondonópolis
11740,Roodepoort
11741,Roosendaal
11742,Rosario
11743,Rosarito
11744,Rosenheim
11745,Roseville
11746,Rosny-sous-Bois
11747,Rostock
11748,Roswell
11749,Rotherham
11750,Rotorua
11751,Rotterdam
11752,Rottingdean
11753,Roubaix
11754,Rouen
11755,Round Rock
11756,Rovigo
11757,Royal Oak
11758,Rubí
11759,Ruda Slaska
11760,Rueil-Malmaison
11761,Rugby
11762,Runcorn
11763,Rustenburg
11764,Rybinsk
11765,Rybnik
11766,Río Bravo
11767,Saanich
11768,Sabadell
11769,Sabanalarga
11770,Sabzevar
11771,Sacramento
11772,Safi
11773,Saga
11774,Sagamihara
11775,Saginaw
11776,Sagunto
11777,Saharanpur
11778,Sahuayo de José María Morelos
11779,Saida
11780,Saint Charles
11781,Saint Cloud
11782,Saint Louis
11783,Saint Paul
11784,Saint Peters
11785,Saint Petersburg
11786,Saint-Avold
11787,Saint-Brieuc
11788,Saint-Chamond
11789,Saint-Cloud
11790,Saint-Cyr-sur-Loire
11791,Saint-Denis
11792,Saint-Dizier
11793,Saint-Genis-Laval
11794,Saint-Germain-en-Laye
11795,Saint-Gratien
11796,Saint-Herblain
11797,Saint-Jean-de-la-Ruelle
11798,Saint-Laurent
11799,Saint-Laurent-du-Var
11800,Saint-Louis
11801,Saint-Malo
11802,Saint-Michel-sur-Orge
11803,Saint-Nazaire
11804,Saint-Ouen
11805,Saint-Pierre-des-Corps
11806,Saint-Pol-sur-Mer
11807,Saint-Priest
11808,Saint-Quentin
11809,Sakai
11810,Sakaka
11811,Salamanca
11812,Salavat
11813,Sale
11814,Salem
11815,Salihli
11816,Salina Cruz
11817,Salinas
11818,Sallanches
11819,Salon-de-Provence
11820,Salt Lake City
11821,Salta
11822,Saltillo
11823,Salto
11824,Salvador
11825,Salzburg
11826,Samalut
11827,Samarinda
11828,Samarra'
11829,Samobor
11830,Samsun
11831,San Andrés Tuxtla
11832,San Angelo
11833,San Antonio
11834,San Bernardino
11835,San Bernardo
11836,San Carlos del Zulia
11837,San Clemente
11838,San Cristóbal
11839,San Cristóbal de Las Casas
11840,San Diego
11841,San Fernando
11842,San Fernando del Valle de Catamarca
11843,San Francisco
11844,San Francisco de Macorís
11845,San Francisco del Rincón
11846,San Gabriel
11847,San Jose
11848,San Jose del Monte
11849,San José de Guanipa
11850,San José de las Lajas
11851,San Juan
11852,San Juan de la Maguana
11853,San Juan del Río
11854,San Justo
11855,San Lorenzo
11856,San Luis
11857,San Luis Obispo
11858,San Luis Potosí
11859,San Luis Río Colorado
11860,San Marcos
11861,San Martín
11862,San Mateo
11863,San Miguelito
11864,San Nicolás de los Arroyos
11865,San Pablo de las Salinas
11866,San Pedro
11867,San Pedro Sula
11868,San Pedro de Macorís
11869,San Rafael
11870,San Salvador
11871,San Salvador de Jujuy
11872,San Sebastian
11873,San Severo
11874,Sanandaj
11875,Sanary-sur-Mer
11876,Sancti Spíritus
11877,Sandakan
11878,Sandnes
11879,Sandy Springs
11880,Sanford
11881,Sangli
11882,Sanliurfa
11883,Sanming
11884,Sannois
11885,Sant Boi de Llobregat
11886,Santa Ana
11887,Santa Barbara
11888,Santa Catarina
11889,Santa Clara
11890,Santa Cruz de Barahona
11891,Santa Cruz de la Sierra
11892,Santa Cruz do Sul
11893,Santa Fe
11894,Santa Helena
11895,Santa Maria
11896,Santa Marta
11897,Santa Rosa
11898,Santana de Parnaíba
11899,Santander
11900,Santarém
11901,Santiago
11902,Santiago de Compostela
11903,Santiago de Cuba
11904,Santiago de los Caballeros
11905,Santiago del Estero
11906,Santo André
11907,Santo Domingo
11908,Santo Domingo de los Colorados
11909,Santos
11910,Sanya
11911,Sapele
11912,Sapucaia do Sul
11913,Saqqez
11914,Sarajevo
11915,Sarcelles
11916,Sargodha
11917,Sari
11918,Sarkand
11919,Sarreguemines
11920,Sartrouville
11921,Saskatoon
11922,Sassari
11923,Satna
11924,Satu Mare
11925,Saumur
11926,Saveh
11927,Savigny-le-Temple
11928,Savona
11929,Sceaux
11930,Schiedam
11931,Schiffweiler
11932,Schiltigheim
11933,Schweinfurt
11934,Schwerin
11935,Scottsdale
11936,Seattle
11937,Segovia
11938,Semarang
11939,Semnan
11940,Senhor do Bonfim
11941,Senlis
11942,Seoul
11943,Seraing
11944,Seremban
11945,Seropédica
11946,Serra
11947,Sesto San Giovanni
11948,Settat
11949,Sevastopol
11950,Severodvinsk
11951,Seville
11952,Sevran
11953,Shagamu
11954,Shah Alam
11955,Shahjahanpur
11956,Shahreza
11957,Shahriar
11958,Shanghai
11959,Shangqiu
11960,Shangyu
11961,Shangzhi
11962,Shantou
11963,Shanwei
11964,Shaoxing
11965,Shashi
11966,Sheboygan
11967,Sheffield
11968,Shelton
11969,Shenyang
11970,Shenzhen
11971,Shihezi
11972,Shijiazhuang
11973,Shimoga
11974,Shimonoseki
11975,Shinyanga
11976,Shiraz
11977,Shizuishan
11978,Shkoder
11979,Shouguang
11980,Shrewsbury
11981,Shuangcheng
11982,Shuangyashan
11983,Shulan
11984,Shumen
11985,Shushtar
11986,Sialkot
11987,Siauliai
11988,Sibiu
11989,Sidi Bel Abbes
11990,Sidi Qacem
11991,Siedlce
11992,Siegen
11993,Siena
11994,Sierra Vista
11995,Siirt
11996,Sikasso
11997,Silao
11998,Silivri
11999,Silopi
12000,Simões Filho
12001,Sincan
12002,Sindelfingen
12003,Singapore
12004,Sinop
12005,Sioux Falls
12006,Siping
12007,Sittard
12008,Sivas
12009,Six-Fours-les-Plages
12010,Skikda
12011,Skokie
12012,Sliven
12013,Slough
12014,Slupsk
12015,Smyrna
12016,Soacha
12017,Sobral
12018,Sofia
12019,Sogamoso
12020,Sohag
12021,Soissons
12022,Sokode
12023,Sokoto
12024,Solapur
12025,Soledad
12026,Soledad Díez Gutiérrez
12027,Solihull
12028,Solingen
12029,Solna
12030,Soma
12031,Sonderborg
12032,Sonipat
12033,Sonneberg
12034,Sonsonate
12035,Sorgues
12036,Sorocaba
12037,Sorriso
12038,Sosnowiec
12039,Sousa
12040,South Bend
12041,South Shields
12042,Southampton
12043,Southaven
12044,Southend-on-Sea
12045,Southport
12046,Soweto
12047,Soyapango
12048,Spanish Town
12049,Sparks
12050,Spijkenisse
12051,Split
12052,Spokane
12053,Springdale
12054,Springfield
12055,Springs
12056,Srinagar
12057,St. Catharines
12058,St. Gallen
12059,St. John's
12060,Stadtlohn
12061,Stafford
12062,Stains
12063,Stakhanov
12064,Stanger
12065,Stara Zagora
12066,Stavanger
12067,Stellenbosch
12068,Sterling Heights
12069,Sterlitamak
12070,Stevenage
12071,Stockholm
12072,Stockport
12073,Stockton
12074,Stockton-on-Tees
12075,Stoke-on-Trent
12076,Stolberg
12077,Stourbridge
12078,Stralsund
12079,Strasbourg
12080,Stuttgart
12081,Suceava
12082,Sucre
12083,Sucy-en-Brie
12084,Suffolk
12085,Suihua
12086,Suining
12087,Suizhou
12088,Sukabumi
12089,Sukkur
12090,Sumaré
12091,Summerville
12092,Sumy
12093,Sunbury
12094,Sunderland
12095,Sunnyvale
12096,Superior
12097,Surabaya
12098,Surakarta
12099,Surat
12100,Suresnes
12101,Surrey
12102,Surubim
12103,Suwon
12104,Suzhou
12105,Swansea
12106,Swindon
12107,Sydney
12108,Sylhet
12109,São Benedito
12110,São Bernardo do Campo
12111,São Gonçalo
12112,São José dos Campos
12113,São Leopoldo
12114,São Luís
12115,São Miguel dos Campos
12116,São Paulo
12117,São Pedro da Aldeia
12118,São Vicente
12119,Sète
12120,Tabora
12121,Taboão da Serra
12122,Tabuk
12123,Tahta
12124,Taipei
12125,Taiping
12126,Taixing
12127,Taiyuan
12128,Taizhou
12129,Taizz
12130,Takamatsu
12131,Takasaki
12132,Takatsuki
12133,Takestan
12134,Talara
12135,Talavera de la Reina
12136,Talcahuano
12137,Taldyqorghan
12138,Talence
12139,Tallaght
12140,Tallahassee
12141,Tallinn
12142,Tamale
12143,Tamarac
12144,Tampa
12145,Tampico
12146,Tamworth
12147,Tanga
12148,Tangerang
12149,Tanggu
12150,Tangier
12151,Tangshan
12152,Tanta
12153,Tapachula
12154,Taranto
12155,Taraz
12156,Tarbes
12157,Targu Jiu
12158,Targu Mures
12159,Tarnow
12160,Tarragona
12161,Tarsus
12162,Tartagal
12163,Tartu
12164,Tasikmalaya
12165,Tatuí
12166,Taubaté
12167,Taunton
12168,Taupo
12169,Tauranga
12170,Taverny
12171,Tawau
12172,Taylor
12173,Taytay
12174,Taza
12175,Tbilisi
12176,Tecomán
12177,Tegal
12178,Tegucigalpa
12179,Tehran
12180,Tehuacán
12181,Tekirdag
12182,Tel Aviv
12183,Tembisa
12184,Temecula
12185,Temirtau
12186,Temixco
12187,Tempe
12188,Tengzhou
12189,Tepic
12190,Teramo
12191,Teresina
12192,Teresópolis
12193,Termez
12194,Terneuzen
12195,Ternopil'
12196,Tete
12197,Tetouan
12198,Texarkana
12199,Texas City
12200,Teziutlán
12201,Thane
12202,Thanjavur
12203,The Colony
12204,The Hague
12205,Thiais
12206,Thies Nones
12207,Thika
12208,Thionville
12209,Thiruvananthapuram
12210,Thomasville
12211,Thonon-les-Bains
12212,Thornton
12213,Thousand Oaks
12214,Tianguá
12215,Tianjin
12216,Tieling
12217,Tigard
12218,Tijuana
12219,Tilburg
12220,Timaru
12221,Timisoara
12222,Tinaquillo
12223,Tinley Park
12224,Tipitapa
12225,Tiruchchirappalli
12226,Tirunelveli
12227,Tirupati
12228,Tiruppur
12229,Tivoli
12230,Tlalnepantla
12231,Tlalpan
12232,Tlaquepaque
12233,Tlemcen
12234,Toamasina
12235,Toguchin
12236,Tokat
12237,Tokyo
12238,Toledo
12239,Toliara
12240,Toluca
12241,Tongchuan
12242,Tongi
12243,Tongliao
12244,Tongling
12245,Tongzhou
12246,Toowoomba
12247,Torbali
12248,Torbat-e Heydariyeh
12249,Torcy
12250,Toronto
12251,Torquay
12252,Torrance
12253,Torre del Greco
12254,Torremolinos
12255,Torrevieja
12256,Torreón
12257,Tottori
12258,Toul
12259,Toulon
12260,Toulouse
12261,Tourcoing
12262,Tournai
12263,Tournefeuille
12264,Tours
12265,Townsville
12266,Toyohashi
12267,Trabzon
12268,Trani
12269,Trapani
12270,Trappes
12271,Traralgon
12272,Tremblay-en-France
12273,Trento
12274,Trenton
12275,Treviglio
12276,Treviso
12277,Trier
12278,Trieste
12279,Trinidad
12280,Tripoli
12281,Troisdorf
12282,Troy
12283,Troyes
12284,Trujillo
12285,Tsukuba
12286,Tucson
12287,Tulancingo
12288,Tulle
12289,Tulsa
12290,Tumkur
12291,Tunis
12292,Tupã
12293,Turgutlu
12294,Turin
12295,Turkmenabat
12296,Turku
12297,Turmero
12298,Tuscaloosa
12299,Tuxtla Gutiérrez
12300,Tuzla
12301,Twin Falls
12302,Tychy
12303,Tyler
12304,Ube
12305,Uberaba
12306,Uberlândia
12307,Udaipur
12308,Ueda
12309,Ufa
12310,Ugep
12311,Uithoorn
12312,Ujjain
12313,Ulan Bator
12314,Ulhasnagar
12315,Ulm
12316,Ulsan
12317,Ulundi
12318,Uman'
12319,Umraniye
12320,Umtata
12321,Umuarama
12322,Unna
12323,Upper Hutt
12324,Upplands Väsby
12325,Uppsala
12326,Urbandale
12327,Urganch
12328,Uruguaiana
12329,Usak
12330,Uskudar
12331,Usol'ye-Sibirskoye
12332,Usti nad Labem
12333,Utica
12334,Utrecht
12335,Uvarovo
12336,Uvinza
12337,Uvira
12338,Vacaria
12339,Vacaville
12340,Vadodara
12341,Valdemoro
12342,Valence
12343,Valencia
12344,Valenciennes
12345,Valenzuela
12346,Valinhos
12347,Valladolid
12348,Vallauris
12349,Valle Hermoso
12350,Valle de La Pascua
12351,Valledupar
12352,Vallejo
12353,Valles
12354,Valparaíso
12355,Valparaíso de Goiás
12356,Van
12357,Vanadzor
12358,Vancouver
12359,Vanderbijlpark
12360,Vannes
12361,Vantaa
12362,Vanves
12363,Varamin
12364,Varanasi
12365,Varese
12366,Varna
12367,Vassouras
12368,Vaughan
12369,Vaulx-en-Velin
12370,Veenendaal
12371,Velbert
12372,Velletri
12373,Velsen
12374,Vence
12375,Venice
12376,Venlo
12377,Veracruz
12378,Verdun
12379,Vereeniging
12380,Vernon
12381,Verona
12382,Versailles
12383,Vertou
12384,Verviers
12385,Vesoul
12386,Vespasiano
12387,Vicenza
12388,Vichy
12389,Victoria
12390,Victoria Falls
12391,Vienna
12392,Viersen
12393,Vigevano
12394,Vigneux-sur-Seine
12395,Vignola
12396,Vigo
12397,Vijayawada
12398,Vila Nova de Gaia
12399,Vilhena
12400,Villa Alemana
12401,Villa Canales
12402,Villa Frontera
12403,Villa Nueva
12404,Villach
12405,Villahermosa
12406,Villavicencio
12407,Villefontaine
12408,Villejuif
12409,Villemomble
12410,Villenave-d'Ornon
12411,Villeneuve-Saint-Georges
12412,Villeneuve-d'Ascq
12413,Villeneuve-la-Garenne
12414,Villeneuve-le-Roi
12415,Villeneuve-sur-Lot
12416,Villeparisis
12417,Villeurbanne
12418,Villiers-le-Bel
12419,Villiers-sur-Marne
12420,Villingen-Schwenningen
12421,Vilnius
12422,Vincennes
12423,Vineland
12424,Vinnytsya
12425,Viransehir
12426,Virginia Beach
12427,Viroflay
12428,Visakhapatnam
12429,Visalia
12430,Viterbo
12431,Vitoria
12432,Vitrolles
12433,Vitry-sur-Seine
12434,Vittoria
12435,Vitória
12436,Vitória da Conquista
12437,Vitória de Santo Antão
12438,Viña del Mar
12439,Vlaardingen
12440,Vladimir
12441,Vlore
12442,Voiron
12443,Volksrust
12444,Voronezh
12445,Votuporanga
12446,Vratsa
12447,Vryburg
12448,Várzea Grande
12449,Waco
12450,Wad Madani
12451,Wadi as Sir
12452,Wafangdian
12453,Wagga Wagga
12454,Waiblingen
12455,Waitakere
12456,Wakefield
12457,Wallasey
12458,Walsall
12459,Warangal
12460,Warner Robins
12461,Warri
12462,Warrington
12463,Warrnambool
12464,Warsaw
12465,Warwick
12466,Washington
12467,Wasquehal
12468,Waterbury
12469,Waterloo
12470,Waterlooville
12471,Watertown
12472,Watford
12473,Wattrelos
12474,Waukesha
12475,Wausau
12476,Waynesboro
12477,Weifang
12478,Weihai
12479,Weimar
12480,Wellington
12481,Wels
12482,Wendeng
12483,Wenling
12484,Wenzhou
12485,West Allis
12486,West Bromwich
12487,West Jordan
12488,West Palm Beach
12489,Westfield
12490,Westland
12491,Westminster
12492,Weston-super-Mare
12493,Westonaria
12494,Wetter (Ruhr)
12495,Wetzlar
12496,Whakatane
12497,Whangarei
12498,Wheeling
12499,Whitby
12500,Whittier
12501,Whyalla
12502,Wichita
12503,Widnes
12504,Wiesbaden
12505,Wigan
12506,Wilhelmshaven
12507,Willich
12508,Wilmington
12509,Wilson
12510,Windhoek
12511,Windsor
12512,Winnipeg
12513,Winterthur
12514,Witten
12515,Wodonga
12516,Woking
12517,Wolfsburg
12518,Wollongong
12519,Wolverhampton
12520,Woodbury
12521,Woodland
12522,Woodstock
12523,Woonsocket
12524,Worcester
12525,Worms
12526,Worthing
12527,Wuchang
12528,Wuchuan
12529,Wuhai
12530,Wuhan
12531,Wuppertal
12532,Wuxi
12533,Wuzhou
12534,Xi'an
12535,Xiamen
12536,Xiangfan
12537,Xiangtan
12538,Xianning
12539,Xiantao
12540,Xianyang
12541,Xiaogan
12542,Xichang
12543,Xinghua
12544,Xingtai
12545,Xining
12546,Xinshi
12547,Xintai
12548,Xinxiang
12549,Xinyi
12550,Xinzhou
12551,Xuanhua
12552,Xuzhou
12553,Yacuiba
12554,Yalova
12555,Yambol
12556,Yamoussoukro
12557,Yanbu al Bahr
12558,Yancheng
12559,Yangjiang
12560,Yangon
12561,Yangquan
12562,Yangzhou
12563,Yanji
12564,Yantai
12565,Yao
12566,Yaounde
12567,Yaritagua
12568,Yaroslavl'
12569,Yazd
12570,Yerres
12571,Yibin
12572,Yicheng
12573,Yichun
12574,Yingcheng
12575,Yiwu
12576,Yiyang
12577,Yogyakarta
12578,Yokkaichi
12579,Yongchuan
12580,Yonkers
12581,Yopal
12582,York
12583,Yuanjiang
12584,Yucaipa
12585,Yuci
12586,Yueyang
12587,Yulin
12588,Yuma
12589,Yuncheng
12590,Yunyang
12591,Yushu
12592,Yuyao
12593,Zaanstad
12594,Zabol
12595,Zabrze
12596,Zacatecas
12597,Zagreb
12598,Zahedan
12599,Zamora
12600,Zanjan
12601,Zaoyang
12602,Zaozhuang
12603,Zapopan
12604,Zaporizhzhya
12605,Zaria
12606,Zeist
12607,Zenica
12608,Zhangjiakou
12609,Zhangzhou
12610,Zhanjiang
12611,Zhaoqing
12612,Zhaoyuan
12613,Zhengzhou
12614,Zhenjiang
12615,Zhlobin
12616,Zhongxiang
12617,Zhoukou
12618,Zhuhai
12619,Zhumadian
12620,Zhuzhou
12621,Zhytomyr
12622,Zielona Gora
12623,Zigong
12624,Ziguinchor
12625,Zihuatanejo
12626,Zilina
12627,Zinder
12628,Zlatoust
12629,Zunyi
12630,Zurich
12631,Zwedru
12632,Zwickau
12633,Zwolle
12634,eMbalenhle
12635,Águas Lindas de Goiás
